{
    "Mean Squared Error": 12.218739274599537,
    "Mean Absolute Error": 2.794756301376071,
    "R2 Score": 0.07627316392652639
}